,Node,Nearest_Supercharger,Distance
0,15237.0,"(34.952928, -120.434555)",0.6738464385300474
1,15238.0,"(34.952928, -120.434555)",1.3285466002615902
2,15239.0,"(34.952928, -120.434555)",1.618595123373486
3,15240.0,"(34.421527, -119.631377)",57.90576689212562
4,15241.0,"(34.441994, -119.258898)",58.38809299805658
5,15242.0,"(34.441994, -119.258898)",58.476351724188845
6,15243.0,"(34.441994, -119.258898)",58.85269924733093
7,15249.0,"(34.440227, -119.753359)",56.830418296777296
8,15250.0,"(34.440227, -119.753359)",56.15893629412826
9,15251.0,"(34.440227, -119.753359)",56.19224793614218
10,15252.0,"(34.440227, -119.753359)",56.23368371116935
11,15253.0,"(34.440227, -119.753359)",56.89145891055066
12,15254.0,"(34.421527, -119.631377)",57.63343342345201
13,15268.0,"(34.952928, -120.434555)",3.7128561850808532
14,15269.0,"(34.952928, -120.434555)",1.9358332998465089
15,15310.0,"(34.952928, -120.434555)",5.062960862292337
16,15327.0,"(34.952928, -120.434555)",3.223126953132205
17,15328.0,"(34.952928, -120.434555)",6.243629567958406
18,15333.0,"(34.431041, -118.554319)",62.104293089904395
19,15334.0,"(34.431041, -118.554319)",64.93829006688503
20,15337.0,"(34.431041, -118.554319)",62.53700383602757
21,15353.0,"(34.421527, -119.631377)",56.53518308717153
22,15354.0,"(34.421527, -119.631377)",54.38782577500983
23,15355.0,"(34.421527, -119.631377)",52.91709111202538
24,15362.0,"(34.952928, -120.434555)",5.621042433843604
25,15363.0,"(34.952928, -120.434555)",8.408562204374688
26,15367.0,"(34.431041, -118.554319)",60.24750636991358
27,15368.0,"(34.431041, -118.554319)",59.763787885194986
28,15369.0,"(34.431041, -118.554319)",59.115820847561146
29,15370.0,"(34.431041, -118.554319)",60.262123401219995
30,15371.0,"(34.952928, -120.434555)",9.254344590938045
31,15372.0,"(34.952928, -120.434555)",9.947703175944522
32,15445.0,"(34.952928, -120.434555)",15.561574615571702
33,15446.0,"(34.452312, -118.61614)",61.393247249256994
34,15447.0,"(34.452312, -118.61614)",58.98804839450209
35,15448.0,"(34.452312, -118.61614)",58.74297550042105
36,15449.0,"(34.452312, -118.61614)",57.207725416427266
37,15450.0,"(34.452312, -118.61614)",56.55843022000326
38,15451.0,"(34.452312, -118.61614)",54.63826825175391
39,15452.0,"(34.452312, -118.61614)",52.32112492337619
40,15453.0,"(34.452312, -118.61614)",49.88640308341042
41,15454.0,"(34.452312, -118.61614)",49.2368635698254
42,15455.0,"(34.452312, -118.61614)",48.54231881735112
43,15456.0,"(34.452312, -118.61614)",47.86461506146887
44,15457.0,"(34.452312, -118.61614)",46.657435796683124
45,15459.0,"(34.441994, -119.258898)",57.84932208017316
46,15460.0,"(34.441994, -119.258898)",57.177043235625675
47,15461.0,"(34.441994, -119.258898)",56.85116470091526
48,15462.0,"(34.441994, -119.258898)",56.09129007342985
49,15463.0,"(34.441994, -119.258898)",55.851477949971304
50,15464.0,"(34.441994, -119.258898)",55.61781804095275
51,15465.0,"(34.441994, -119.258898)",54.76338417753299
52,15466.0,"(34.441994, -119.258898)",54.431780644350994
53,15467.0,"(34.441994, -119.258898)",54.19925001239906
54,15468.0,"(34.441994, -119.258898)",54.002318620620365
55,15469.0,"(34.441994, -119.258898)",52.757147346831445
56,15470.0,"(34.441994, -119.258898)",51.87323441330867
57,15471.0,"(34.441994, -119.258898)",50.41318147435867
58,15472.0,"(34.441994, -119.258898)",49.47669687120197
59,15473.0,"(34.441994, -119.258898)",49.1556334550411
60,15474.0,"(34.441994, -119.258898)",48.45503340630031
61,15475.0,"(34.441994, -119.258898)",47.83175071840213
62,15476.0,"(34.441994, -119.258898)",47.529364295909915
63,15477.0,"(34.441994, -119.258898)",47.5525491948544
64,15478.0,"(34.441994, -119.258898)",47.761487392364835
65,15479.0,"(34.441994, -119.258898)",47.59515646280765
66,15480.0,"(34.441994, -119.258898)",48.04919524240207
67,15481.0,"(34.441994, -119.258898)",47.79115027615665
68,15482.0,"(34.441994, -119.258898)",47.41311926159347
69,15483.0,"(34.441994, -119.258898)",46.93448801103571
70,15484.0,"(34.441994, -119.258898)",46.85249068500242
71,15485.0,"(34.441994, -119.258898)",46.63551510563161
72,15486.0,"(34.441994, -119.258898)",46.54577449405625
73,15487.0,"(34.441994, -119.258898)",46.0990141026185
74,15488.0,"(34.441994, -119.258898)",46.05137099475986
75,15489.0,"(34.441994, -119.258898)",45.572248985467276
76,15490.0,"(34.441994, -119.258898)",46.264997259740994
77,15491.0,"(34.441994, -119.258898)",46.8166493303803
78,15492.0,"(34.441994, -119.258898)",47.82906213100339
79,15493.0,"(34.441994, -119.258898)",47.954604679530426
80,15494.0,"(34.441994, -119.258898)",47.60653943210513
81,15495.0,"(34.441994, -119.258898)",47.799720217679365
82,15496.0,"(34.441994, -119.258898)",47.27756534511966
83,15497.0,"(34.441994, -119.258898)",47.610395238195956
84,15498.0,"(34.441994, -119.258898)",47.9066639181085
85,15499.0,"(34.441994, -119.258898)",48.144720020832345
86,15500.0,"(34.441994, -119.258898)",48.01539576199276
87,15501.0,"(34.441994, -119.258898)",47.715666568734655
88,15502.0,"(34.441994, -119.258898)",49.037649444163414
89,15503.0,"(34.441994, -119.258898)",50.307381937672226
90,15504.0,"(34.452312, -118.61614)",50.972061635138196
91,15505.0,"(34.452312, -118.61614)",49.430591274334475
92,15506.0,"(34.452312, -118.61614)",47.436743068073945
93,15520.0,"(34.431041, -118.554319)",53.148392962680205
94,15521.0,"(34.431041, -118.554319)",51.87149668933779
95,15522.0,"(34.431041, -118.554319)",57.48075265944955
96,15523.0,"(34.431041, -118.554319)",54.90554582597063
97,15524.0,"(34.431041, -118.554319)",53.243753465122424
98,15525.0,"(34.452312, -118.61614)",39.43739097164404
99,15526.0,"(34.452312, -118.61614)",41.60715809698333
100,15527.0,"(34.452312, -118.61614)",43.11294061437861
101,15528.0,"(34.452312, -118.61614)",44.074797369711305
102,15529.0,"(34.452312, -118.61614)",45.85806820979462
103,15530.0,"(34.452312, -118.61614)",46.438113165231165
104,15531.0,"(34.452312, -118.61614)",38.73131281265755
105,15532.0,"(34.452312, -118.61614)",38.925695528022544
106,15533.0,"(34.452312, -118.61614)",39.00727555458451
107,15534.0,"(34.952928, -120.434555)",19.278148999970984
108,15535.0,"(34.952928, -120.434555)",20.06562588681975
109,15550.0,"(34.452312, -118.61614)",36.17960322262876
110,15551.0,"(34.452312, -118.61614)",36.74920220942144
111,15552.0,"(34.452312, -118.61614)",38.33141567373601
112,15553.0,"(34.452312, -118.61614)",35.818572758152264
113,15554.0,"(34.452312, -118.61614)",36.12289909517718
114,15555.0,"(34.431041, -118.554319)",49.68598705695343
115,15556.0,"(34.431041, -118.554319)",43.9716108122181
116,15557.0,"(34.452312, -118.61614)",40.13065958021707
117,15558.0,"(34.452312, -118.61614)",36.66551935669339
118,15559.0,"(34.452312, -118.61614)",36.61317335314093
119,15560.0,"(34.452312, -118.61614)",36.74252586691296
120,15561.0,"(34.452312, -118.61614)",36.795138877824066
121,15562.0,"(34.452312, -118.61614)",36.08250286448959
122,15563.0,"(34.452312, -118.61614)",35.63995685181053
123,15564.0,"(34.452312, -118.61614)",35.678671032219846
124,15581.0,"(34.452312, -118.61614)",37.43257209373927
125,15582.0,"(34.452312, -118.61614)",38.15765751207372
126,15583.0,"(34.452312, -118.61614)",38.25001622161306
127,15584.0,"(34.452312, -118.61614)",39.09088497275809
128,15585.0,"(34.452312, -118.61614)",38.51714679652957
129,15591.0,"(34.952928, -120.434555)",7.5680273294939795
130,15592.0,"(34.952928, -120.434555)",11.002149989992166
131,15593.0,"(34.952928, -120.434555)",15.21791599639934
132,15594.0,"(34.952928, -120.434555)",16.888773033897525
133,15595.0,"(34.952928, -120.434555)",19.70712776633671
134,15596.0,"(34.952928, -120.434555)",20.46339337045855
135,15597.0,"(34.61456, -120.188387)",21.695329857657516
136,15598.0,"(34.61456, -120.188387)",17.289546716234437
137,15599.0,"(34.61456, -120.188387)",16.84816901903069
138,15600.0,"(34.952928, -120.434555)",22.10553551607038
139,15601.0,"(34.61456, -120.188387)",21.35233534299187
140,15602.0,"(34.61456, -120.188387)",19.455613208307344
141,15603.0,"(34.61456, -120.188387)",18.48207834834982
142,15604.0,"(34.61456, -120.188387)",17.835295619623807
143,15605.0,"(34.61456, -120.188387)",17.14863124988515
144,15633.0,"(34.431041, -118.554319)",50.57136419416091
145,15634.0,"(34.431041, -118.554319)",49.36246380400096
146,15635.0,"(34.431041, -118.554319)",49.304322040363765
147,15728.0,"(34.61456, -120.188387)",10.25826737843098
148,15729.0,"(34.61456, -120.188387)",10.996631772301747
149,15730.0,"(34.61456, -120.188387)",15.211832017425817
150,15731.0,"(34.61456, -120.188387)",16.712887586716835
151,15732.0,"(34.61456, -120.188387)",17.775768491941207
152,15733.0,"(34.61456, -120.188387)",18.67607895587077
153,15734.0,"(34.61456, -120.188387)",18.248964067689794
154,15735.0,"(34.61456, -120.188387)",18.952569950663445
155,15736.0,"(34.61456, -120.188387)",20.439593029989126
156,15737.0,"(34.61456, -120.188387)",22.708137772809945
157,15738.0,"(34.61456, -120.188387)",23.051285551157402
158,15739.0,"(34.952928, -120.434555)",23.26846858811393
159,15740.0,"(34.952928, -120.434555)",20.777074880680104
160,15741.0,"(34.952928, -120.434555)",19.77539325465358
161,15742.0,"(34.952928, -120.434555)",19.229912001053133
162,15743.0,"(34.952928, -120.434555)",18.747870240675656
163,15744.0,"(34.952928, -120.434555)",18.699000605860743
164,15745.0,"(34.952928, -120.434555)",19.57879429269693
165,15746.0,"(34.952928, -120.434555)",19.632735653370673
166,15747.0,"(34.952928, -120.434555)",19.57747924729985
167,15748.0,"(34.952928, -120.434555)",19.464469195379365
168,15749.0,"(34.952928, -120.434555)",19.758647873112313
169,15750.0,"(34.952928, -120.434555)",19.41888247935104
170,15751.0,"(34.952928, -120.434555)",18.515399477423333
171,15752.0,"(34.952928, -120.434555)",18.635951971602466
172,15758.0,"(34.61456, -120.188387)",15.154046031721029
173,15759.0,"(34.61456, -120.188387)",11.45672826415682
174,15760.0,"(34.61456, -120.188387)",10.75350871863328
175,15761.0,"(34.431041, -118.554319)",47.0940480986618
176,15762.0,"(34.431041, -118.554319)",47.31389156075595
177,15763.0,"(34.431041, -118.554319)",48.49537395275751
178,15764.0,"(34.431041, -118.554319)",48.67706921837368
179,15765.0,"(34.431041, -118.554319)",48.21401923556254
180,15780.0,"(34.431041, -118.554319)",46.0794081644821
181,15781.0,"(34.431041, -118.554319)",46.95155392206011
182,15782.0,"(34.431041, -118.554319)",46.46997470586913
183,15784.0,"(34.61456, -120.188387)",9.552904191359849
184,15785.0,"(34.61456, -120.188387)",8.722384326433637
185,15786.0,"(34.431041, -118.554319)",47.44907655230451
186,15787.0,"(34.431041, -118.554319)",48.2727885753419
187,15788.0,"(34.431041, -118.554319)",47.25906230794248
188,15794.0,"(34.61456, -120.188387)",25.00118510461662
189,15795.0,"(34.952928, -120.434555)",24.71684801608188
190,15796.0,"(34.952928, -120.434555)",23.962676292564815
191,15797.0,"(34.952928, -120.434555)",23.272158870351472
192,15798.0,"(34.952928, -120.434555)",21.205507531883104
193,15799.0,"(34.952928, -120.434555)",20.727907119317052
194,15800.0,"(34.61456, -120.188387)",15.024988820800328
195,15801.0,"(34.61456, -120.188387)",16.117044405287476
196,15802.0,"(34.61456, -120.188387)",20.926878328183303
197,15803.0,"(34.61456, -120.188387)",22.005542641151308
198,15823.0,"(34.61456, -120.188387)",9.068263604103667
199,15824.0,"(34.61456, -120.188387)",8.975562856630003
200,15825.0,"(34.61456, -120.188387)",9.831208015918046
201,15826.0,"(34.61456, -120.188387)",10.111869672519532
202,15827.0,"(34.61456, -120.188387)",10.684133452358436
203,15828.0,"(34.61456, -120.188387)",11.903750560748998
204,15829.0,"(34.61456, -120.188387)",12.482038157672779
205,15830.0,"(34.61456, -120.188387)",0.5580559431223414
206,15831.0,"(34.61456, -120.188387)",0.4867691040270538
207,15832.0,"(34.61456, -120.188387)",0.884131744686952
208,15833.0,"(34.61456, -120.188387)",1.282202453950139
209,15834.0,"(34.61456, -120.188387)",1.7851015091234828
210,15835.0,"(34.61456, -120.188387)",5.776538706148087
211,15836.0,"(34.61456, -120.188387)",6.15297275333012
212,15837.0,"(34.61456, -120.188387)",7.065252808657447
213,15838.0,"(34.61456, -120.188387)",7.8999620802039185
214,15839.0,"(34.61456, -120.188387)",2.076235909567232
215,15840.0,"(34.61456, -120.188387)",3.4174782287623855
216,15841.0,"(34.61456, -120.188387)",4.230824930946106
217,15842.0,"(34.61456, -120.188387)",5.747178316511339
218,15843.0,"(34.61456, -120.188387)",6.566895088782295
219,15844.0,"(34.61456, -120.188387)",8.771296746483936
220,15845.0,"(34.61456, -120.188387)",12.931365218384192
221,15846.0,"(34.61456, -120.188387)",13.360546396011502
222,15847.0,"(34.61456, -120.188387)",14.554835117215037
223,15848.0,"(34.3683, -118.5092)",43.665594349353626
224,15849.0,"(34.61456, -120.188387)",1.100967242540627
225,15850.0,"(34.61456, -120.188387)",3.428012098581075
226,15851.0,"(34.61456, -120.188387)",4.059369214684839
227,15852.0,"(34.61456, -120.188387)",4.666987994706893
228,15853.0,"(34.61456, -120.188387)",7.5989132739116085
229,15854.0,"(34.61456, -120.188387)",8.056192187216837
230,15855.0,"(34.61456, -120.188387)",9.703847168847574
231,15856.0,"(34.61456, -120.188387)",12.184092608695616
232,15857.0,"(34.3683, -118.5092)",43.30426525531846
233,15858.0,"(34.431041, -118.554319)",42.572235553004354
234,15859.0,"(34.431041, -118.554319)",42.28060272900056
235,15860.0,"(34.431041, -118.554319)",45.62827733854741
236,15861.0,"(34.431041, -118.554319)",45.46979944491859
237,15862.0,"(34.431041, -118.554319)",45.16053017164405
238,15863.0,"(34.431041, -118.554319)",44.208103624317836
239,15864.0,"(34.431041, -118.554319)",42.03748899476132
240,15865.0,"(34.61456, -120.188387)",22.482679857291057
241,15866.0,"(34.61456, -120.188387)",22.16457400062768
242,15867.0,"(34.61456, -120.188387)",22.142670682429735
243,15868.0,"(34.61456, -120.188387)",21.274402132956663
244,15869.0,"(34.61456, -120.188387)",20.91758496359296
245,15870.0,"(34.61456, -120.188387)",20.52630009116763
246,15871.0,"(34.61456, -120.188387)",20.311279222286043
247,15872.0,"(34.3683, -118.5092)",44.15857066199809
248,15873.0,"(34.61456, -120.188387)",15.846778687609953
249,15874.0,"(34.61456, -120.188387)",16.71377593339861
250,15875.0,"(34.61456, -120.188387)",17.242408134017357
251,15876.0,"(34.61456, -120.188387)",17.506399529302726
252,15877.0,"(34.3683, -118.5092)",41.841861567309515
253,15878.0,"(34.452312, -118.61614)",34.932667316627345
254,15879.0,"(34.452312, -118.61614)",33.333231088537055
255,15880.0,"(34.452312, -118.61614)",33.5740059652446
256,15881.0,"(34.452312, -118.61614)",33.413868403736345
257,15882.0,"(34.452312, -118.61614)",32.886791044030716
258,15883.0,"(34.452312, -118.61614)",31.395213439977358
259,15884.0,"(34.452312, -118.61614)",31.09250412109335
260,15885.0,"(34.452312, -118.61614)",31.197659863989983
261,15886.0,"(34.452312, -118.61614)",31.397280196742752
262,15887.0,"(34.452312, -118.61614)",31.1989459376514
263,15888.0,"(34.452312, -118.61614)",30.461187598915977
264,15889.0,"(34.452312, -118.61614)",29.019564661120356
265,15890.0,"(34.452312, -118.61614)",29.039076539085087
266,15891.0,"(34.452312, -118.61614)",28.767345131286255
267,15892.0,"(34.452312, -118.61614)",29.035583962621565
268,15893.0,"(34.431041, -118.554319)",28.80499700369232
269,15894.0,"(34.431041, -118.554319)",28.87700792660521
270,15895.0,"(34.431041, -118.554319)",29.213361740700613
271,15896.0,"(34.431041, -118.554319)",29.826562785873886
272,15897.0,"(34.431041, -118.554319)",30.302558894371035
273,15898.0,"(34.431041, -118.554319)",30.12842287404802
274,15899.0,"(34.431041, -118.554319)",29.75484343369829
275,15900.0,"(34.431041, -118.554319)",29.33980693618553
276,15901.0,"(34.431041, -118.554319)",29.279923195700594
277,15902.0,"(34.431041, -118.554319)",30.00931497949277
278,15903.0,"(34.431041, -118.554319)",30.78538066177563
279,15904.0,"(34.431041, -118.554319)",33.4376245320013
280,15905.0,"(34.431041, -118.554319)",33.897146014498844
281,15906.0,"(34.431041, -118.554319)",34.85124672877479
282,15907.0,"(34.431041, -118.554319)",35.31700999474166
283,15908.0,"(34.431041, -118.554319)",36.567688591207094
284,15909.0,"(34.431041, -118.554319)",37.867826908942256
285,15910.0,"(34.431041, -118.554319)",38.17754922317948
286,15911.0,"(34.431041, -118.554319)",38.91456412972143
287,15912.0,"(34.431041, -118.554319)",39.51879640211855
288,15913.0,"(34.3683, -118.5092)",45.38008146665272
289,15914.0,"(34.3683, -118.5092)",44.44703987879203
290,15915.0,"(34.3683, -118.5092)",44.319977073554114
291,15916.0,"(34.3683, -118.5092)",43.991313356374974
292,15917.0,"(34.3683, -118.5092)",43.34575702636924
293,16001.0,"(34.421527, -119.631377)",51.16226357814416
294,16002.0,"(34.421527, -119.631377)",49.568267118523686
295,16003.0,"(34.421527, -119.631377)",47.43423980320357
296,16004.0,"(34.421527, -119.631377)",44.98564261698778
297,16005.0,"(34.421527, -119.631377)",43.46236112289724
298,16006.0,"(34.421527, -119.631377)",41.35115326455932
299,16007.0,"(34.421527, -119.631377)",39.44473058135324
300,16008.0,"(34.421527, -119.631377)",39.178734816656124
301,16009.0,"(34.421527, -119.631377)",39.32561670997959
302,16010.0,"(34.421527, -119.631377)",39.43317507211515
303,16011.0,"(34.440227, -119.753359)",38.84284672280078
304,16012.0,"(34.440227, -119.753359)",38.01492870504856
305,16013.0,"(34.440227, -119.753359)",37.731169706272134
306,16014.0,"(34.440227, -119.753359)",37.15666911562658
307,16015.0,"(34.421527, -119.631377)",35.66037457752341
308,16016.0,"(34.421527, -119.631377)",35.047642686987594
309,16017.0,"(34.421527, -119.631377)",33.7759057943463
310,16018.0,"(34.421527, -119.631377)",32.87695678973494
311,16019.0,"(34.421527, -119.631377)",31.335265964603405
312,16020.0,"(34.421527, -119.631377)",31.26840817288648
313,16021.0,"(34.421527, -119.631377)",31.400888321699075
314,16022.0,"(34.440227, -119.753359)",30.44259759077034
315,16023.0,"(34.440227, -119.753359)",30.32771298075115
316,16024.0,"(34.440227, -119.753359)",30.3507102481965
317,16025.0,"(34.440227, -119.753359)",29.32129652773351
318,16026.0,"(34.440227, -119.753359)",28.738248012682398
319,16027.0,"(34.440227, -119.753359)",28.483776205988214
320,16028.0,"(34.440227, -119.753359)",27.911198766434154
321,16029.0,"(34.440227, -119.753359)",27.009728995340357
322,16030.0,"(34.440227, -119.753359)",26.75287847009147
323,16031.0,"(34.440227, -119.753359)",24.26746474862947
324,16032.0,"(34.440227, -119.753359)",23.861131619186867
325,16033.0,"(34.440227, -119.753359)",23.612156171119114
326,16034.0,"(34.440227, -119.753359)",23.915890396057307
327,16035.0,"(34.440227, -119.753359)",23.870780247132448
328,16036.0,"(34.440227, -119.753359)",23.520111950449106
329,16037.0,"(34.440227, -119.753359)",22.30335106609388
330,16038.0,"(34.440227, -119.753359)",21.69638901550472
331,16039.0,"(34.440227, -119.753359)",19.36731002789306
332,16040.0,"(34.440227, -119.753359)",19.213938497858187
333,16041.0,"(34.440227, -119.753359)",18.91914753435939
334,16042.0,"(34.440227, -119.753359)",18.43958569060529
335,16043.0,"(34.440227, -119.753359)",17.58120852884899
336,16044.0,"(34.440227, -119.753359)",17.0327503444559
337,16045.0,"(34.440227, -119.753359)",16.462851794698764
338,16046.0,"(34.440227, -119.753359)",15.958160545946535
339,16047.0,"(34.440227, -119.753359)",14.446394399870332
340,16048.0,"(34.440227, -119.753359)",14.070230001534872
341,16049.0,"(34.440227, -119.753359)",13.337955438047555
342,16050.0,"(34.440227, -119.753359)",13.73777329029593
343,16051.0,"(34.440227, -119.753359)",13.842122370383208
344,16052.0,"(34.440227, -119.753359)",11.990295275823632
345,16053.0,"(34.440227, -119.753359)",12.117863194108384
346,16054.0,"(34.440227, -119.753359)",11.507342478655364
347,16055.0,"(34.440227, -119.753359)",11.857557944885317
348,16056.0,"(34.440227, -119.753359)",11.96134361137159
349,16057.0,"(34.440227, -119.753359)",12.305281995281467
350,16058.0,"(34.428885, -119.87338)",13.03303218115081
351,16059.0,"(34.428885, -119.87338)",12.547961653775529
352,16060.0,"(34.428885, -119.87338)",12.057140975367298
353,16061.0,"(34.61456, -120.188387)",18.34872622955029
354,16062.0,"(34.428885, -119.87338)",19.49052868511929
355,16063.0,"(34.428885, -119.87338)",18.65827042153121
356,16064.0,"(34.428885, -119.87338)",18.023113890685384
357,16065.0,"(34.428885, -119.87338)",18.00919217345134
358,16066.0,"(34.428885, -119.87338)",17.537757677329864
359,16067.0,"(34.428885, -119.87338)",17.317670311892886
360,16068.0,"(34.428885, -119.87338)",16.452057032742246
361,16069.0,"(34.428885, -119.87338)",15.819170187451768
362,16070.0,"(34.428885, -119.87338)",15.203749512381346
363,16071.0,"(34.428885, -119.87338)",14.157555728697401
364,16072.0,"(34.428885, -119.87338)",13.443493247963033
365,16073.0,"(34.428885, -119.87338)",12.741236782387437
366,16074.0,"(34.428885, -119.87338)",12.08999432492361
367,16100.0,"(34.3683, -118.5092)",45.42972262251512
368,16101.0,"(34.3683, -118.5092)",42.691680486768774
369,16102.0,"(34.3683, -118.5092)",42.51535770654001
370,16103.0,"(34.3683, -118.5092)",42.33790302886767
371,16104.0,"(34.3683, -118.5092)",42.17924237748319
372,16105.0,"(34.3683, -118.5092)",41.494834952396126
373,16106.0,"(34.153571, -118.081718)",41.18065510110382
374,16107.0,"(34.153571, -118.081718)",40.99821872173226
375,16108.0,"(34.281483, -118.44167)",40.106003621110546
376,16109.0,"(34.3683, -118.5092)",41.63919394507695
377,16110.0,"(34.3683, -118.5092)",41.328678034851485
378,16111.0,"(34.3683, -118.5092)",40.25868186136525
379,16112.0,"(34.3683, -118.5092)",40.50714996427016
380,16113.0,"(34.3683, -118.5092)",40.233582287673386
381,16120.0,"(34.61456, -120.188387)",24.990831478075005
382,16121.0,"(34.61456, -120.188387)",23.07184474980285
383,16122.0,"(34.61456, -120.188387)",21.916962921204107
384,16123.0,"(34.61456, -120.188387)",21.50961461686613
385,16124.0,"(34.61456, -120.188387)",21.135839113453752
386,16125.0,"(34.61456, -120.188387)",20.24681704007516
387,16126.0,"(34.61456, -120.188387)",20.747077739908324
388,16127.0,"(34.61456, -120.188387)",21.071350536274558
389,16128.0,"(34.61456, -120.188387)",21.066029439835763
390,16129.0,"(34.61456, -120.188387)",20.668140126976205
391,16130.0,"(34.428885, -119.87338)",11.93208541958994
392,16131.0,"(34.428885, -119.87338)",11.650492079256209
393,16132.0,"(34.428885, -119.87338)",11.460326519931247
394,16133.0,"(34.428885, -119.87338)",11.034395433045963
395,16134.0,"(34.428885, -119.87338)",10.951231635544946
396,16135.0,"(34.428885, -119.87338)",10.132899023858707
397,16136.0,"(34.428885, -119.87338)",10.020864116251614
398,16137.0,"(34.61456, -120.188387)",12.350494278136168
399,16138.0,"(34.61456, -120.188387)",10.945422257286092
400,16139.0,"(34.61456, -120.188387)",9.48813857785572
401,16140.0,"(34.61456, -120.188387)",8.265167643522142
402,16141.0,"(34.61456, -120.188387)",7.043205774622812
403,16142.0,"(34.61456, -120.188387)",5.322210026553956
404,16143.0,"(34.61456, -120.188387)",3.688746833954174
405,16144.0,"(34.61456, -120.188387)",2.4656917088842363
406,16145.0,"(34.61456, -120.188387)",0.8057345870249791
407,16146.0,"(34.61456, -120.188387)",11.946288513965099
408,16147.0,"(34.61456, -120.188387)",11.654628894165338
409,16148.0,"(34.61456, -120.188387)",12.360048144518991
410,16149.0,"(34.61456, -120.188387)",12.497555447160082
411,16150.0,"(34.61456, -120.188387)",12.728936720240588
412,16151.0,"(34.61456, -120.188387)",13.798035202598404
413,16152.0,"(34.61456, -120.188387)",15.001416839142363
414,16153.0,"(34.61456, -120.188387)",16.537814692204417
415,16154.0,"(34.61456, -120.188387)",16.876156684335896
416,16155.0,"(34.61456, -120.188387)",17.48058595779889
417,16156.0,"(34.61456, -120.188387)",17.547878111326344
418,16157.0,"(34.61456, -120.188387)",17.124874766243956
419,16158.0,"(34.61456, -120.188387)",17.084849158772933
420,16159.0,"(34.61456, -120.188387)",17.380504559303485
421,16160.0,"(34.61456, -120.188387)",17.89326410454054
422,16161.0,"(34.61456, -120.188387)",18.410042033898318
423,16162.0,"(34.61456, -120.188387)",19.602810182246674
424,16163.0,"(34.61456, -120.188387)",20.15243646061622
425,16197.0,"(34.61456, -120.188387)",13.00045363740594
426,16198.0,"(34.61456, -120.188387)",14.46568342554508
427,16199.0,"(34.61456, -120.188387)",14.637509395592124
428,16200.0,"(34.61456, -120.188387)",14.333273899913747
429,16201.0,"(34.61456, -120.188387)",14.679525043701238
430,16202.0,"(34.61456, -120.188387)",14.505983523132668
431,16203.0,"(34.61456, -120.188387)",15.028002838983994
432,16204.0,"(34.61456, -120.188387)",17.269771101979526
433,16205.0,"(34.61456, -120.188387)",18.404051692029352
434,16206.0,"(34.428885, -119.87338)",17.321528708410394
435,16207.0,"(34.428885, -119.87338)",15.908996386132431
436,16208.0,"(34.428885, -119.87338)",14.899199898598154
437,16209.0,"(34.428885, -119.87338)",13.781733904153423
438,16210.0,"(34.428885, -119.87338)",12.604839857829695
439,16249.0,"(34.440227, -119.753359)",2.379291099687108
440,16250.0,"(34.440227, -119.753359)",3.665758804328586
441,16251.0,"(34.440227, -119.753359)",4.260547071841566
442,16252.0,"(34.440227, -119.753359)",4.630506496913359
443,16253.0,"(34.440227, -119.753359)",6.524677692124276
444,16254.0,"(34.440227, -119.753359)",6.4772320964680565
445,16255.0,"(34.440227, -119.753359)",7.458367024528467
446,16256.0,"(34.440227, -119.753359)",7.729590396666542
447,16257.0,"(34.440227, -119.753359)",8.340293466667628
448,16258.0,"(34.440227, -119.753359)",8.836501073037232
449,16259.0,"(34.440227, -119.753359)",9.119611695017742
450,16260.0,"(34.440227, -119.753359)",2.2389176083450955
451,16261.0,"(34.428885, -119.87338)",4.413077773316745
452,16262.0,"(34.428885, -119.87338)",4.888415600577817
453,16263.0,"(34.441994, -119.258898)",2.716170398408263
454,16264.0,"(34.441994, -119.258898)",2.624969976403381
455,16265.0,"(34.428885, -119.87338)",5.681793514535434
456,16266.0,"(34.440227, -119.753359)",4.947942527856576
457,16267.0,"(34.440227, -119.753359)",1.42758265880516
458,16268.0,"(34.440227, -119.753359)",0.936876850822869
459,16269.0,"(34.440227, -119.753359)",0.6194815652597923
460,16297.0,"(34.440227, -119.753359)",10.123268744508556
461,16298.0,"(34.440227, -119.753359)",9.667162493129265
462,16299.0,"(34.440227, -119.753359)",9.661301064282647
463,16300.0,"(34.440227, -119.753359)",9.099240316810612
464,16301.0,"(34.440227, -119.753359)",9.358714893485004
465,16302.0,"(34.440227, -119.753359)",9.022161659648425
466,16303.0,"(34.440227, -119.753359)",7.866072876211481
467,16304.0,"(34.440227, -119.753359)",7.573656114150326
468,16305.0,"(34.440227, -119.753359)",7.265503705842885
469,16306.0,"(34.440227, -119.753359)",7.0817371137056035
470,16307.0,"(34.440227, -119.753359)",7.0075481063205105
471,16308.0,"(34.440227, -119.753359)",7.712733823930393
472,16309.0,"(34.440227, -119.753359)",7.982335060015247
473,16310.0,"(34.440227, -119.753359)",8.002318986612694
474,16311.0,"(34.418965, -119.697083)",7.439695769311996
475,16312.0,"(34.418965, -119.697083)",7.304021058017239
476,16313.0,"(34.418965, -119.697083)",6.146545532554346
477,16314.0,"(34.418965, -119.697083)",5.9029255063145225
478,16315.0,"(34.418965, -119.697083)",5.498009923607985
479,16316.0,"(34.418965, -119.697083)",5.062635818684974
480,16317.0,"(34.418965, -119.697083)",4.667028077434361
481,16318.0,"(34.418965, -119.697083)",2.885518153833613
482,16319.0,"(34.452312, -118.61614)",1.4046987053117905
483,16320.0,"(34.452312, -118.61614)",1.145543063261945
484,16321.0,"(34.452312, -118.61614)",1.1969122720592866
485,16322.0,"(34.452312, -118.61614)",2.244705145140036
486,16323.0,"(34.452312, -118.61614)",3.21453918631462
487,16324.0,"(34.452312, -118.61614)",3.9221855947549944
488,16325.0,"(34.452312, -118.61614)",11.525420291390756
489,16326.0,"(34.452312, -118.61614)",13.911870588870025
490,16327.0,"(34.452312, -118.61614)",16.50430691725112
491,16328.0,"(34.452312, -118.61614)",17.47444858282484
492,16329.0,"(34.452312, -118.61614)",19.386770165191205
493,16330.0,"(34.452312, -118.61614)",20.05984039665464
494,16331.0,"(34.452312, -118.61614)",20.853330111242474
495,16332.0,"(34.452312, -118.61614)",22.117308990846954
496,16333.0,"(34.452312, -118.61614)",24.21917969780432
497,16334.0,"(34.452312, -118.61614)",26.273391205859983
498,16335.0,"(34.452312, -118.61614)",27.132419287389745
499,16336.0,"(34.452312, -118.61614)",28.60672990913391
500,16337.0,"(34.452312, -118.61614)",29.970751309896166
501,16338.0,"(34.452312, -118.61614)",31.435517788029596
502,16339.0,"(34.452312, -118.61614)",32.68285326733557
503,16340.0,"(34.452312, -118.61614)",37.02913803760867
504,16365.0,"(34.418965, -119.697083)",2.739136277402417
505,16366.0,"(34.418965, -119.697083)",2.9804425053713492
506,16367.0,"(34.428885, -119.87338)",11.982877967854401
507,16368.0,"(34.428885, -119.87338)",10.763206221180763
508,16369.0,"(34.428885, -119.87338)",7.324594743241802
509,16370.0,"(34.428885, -119.87338)",5.3750178019115324
510,16371.0,"(34.428885, -119.87338)",3.253872689077817
511,16372.0,"(34.428885, -119.87338)",1.8962502387763946
512,16373.0,"(34.428885, -119.87338)",1.6824066532164075
513,16374.0,"(34.428885, -119.87338)",2.4790313372037494
514,16375.0,"(34.441994, -119.258898)",0.8522063384614315
515,16376.0,"(34.441994, -119.258898)",1.0044672747440841
516,16377.0,"(34.441994, -119.258898)",1.748046070174036
517,16378.0,"(34.441994, -119.258898)",0.8322829651045446
518,16379.0,"(34.441994, -119.258898)",0.8898848031913822
519,16380.0,"(34.441994, -119.258898)",0.8063564351396418
520,16381.0,"(34.441994, -119.258898)",0.7570995127550086
521,16382.0,"(34.441994, -119.258898)",1.343579269528378
522,16383.0,"(34.441994, -119.258898)",2.771213268267459
523,16384.0,"(34.441994, -119.258898)",3.503068823779657
524,16385.0,"(34.441994, -119.258898)",4.325609130331956
525,16386.0,"(34.441994, -119.258898)",4.766764046749513
526,16387.0,"(34.441994, -119.258898)",5.139691861370201
527,16388.0,"(34.441994, -119.258898)",6.258848594457971
528,16389.0,"(34.441994, -119.258898)",6.6327582105462755
529,16390.0,"(34.441994, -119.258898)",7.047032639714467
530,16391.0,"(34.441994, -119.258898)",7.466961575336105
531,16392.0,"(34.441994, -119.258898)",7.687545904981853
532,16393.0,"(34.441994, -119.258898)",7.663999233348417
533,16394.0,"(34.441994, -119.258898)",7.591350474616097
534,16395.0,"(34.441994, -119.258898)",7.154360414184427
535,16396.0,"(34.441994, -119.258898)",7.270508318181144
536,16397.0,"(34.441994, -119.258898)",8.052757019650915
537,16398.0,"(34.441994, -119.258898)",8.254236136240603
538,16399.0,"(34.441994, -119.258898)",8.37206016255581
539,16400.0,"(34.441994, -119.258898)",8.39093429752822
540,16401.0,"(34.441994, -119.258898)",7.968066715798877
541,16402.0,"(34.441994, -119.258898)",8.013533054276547
542,16403.0,"(34.441994, -119.258898)",8.278793431189593
543,16404.0,"(34.441994, -119.258898)",9.275588300203639
544,16405.0,"(34.441994, -119.258898)",9.33794167529339
545,16406.0,"(34.441994, -119.258898)",9.358904150493968
546,16407.0,"(34.441994, -119.258898)",10.326548859199182
547,16408.0,"(34.441994, -119.258898)",10.512320205042503
548,16409.0,"(34.441994, -119.258898)",10.57927908140762
549,16410.0,"(34.441994, -119.258898)",10.390446742799568
550,16411.0,"(34.441994, -119.258898)",10.159617046714668
551,16412.0,"(34.441994, -119.258898)",9.621446525424847
552,16413.0,"(34.441994, -119.258898)",9.487898681795553
553,16414.0,"(34.441994, -119.258898)",9.575715249702654
554,16415.0,"(34.441994, -119.258898)",10.453851104996033
555,16416.0,"(34.441994, -119.258898)",12.027825657616798
556,16417.0,"(34.441994, -119.258898)",12.164492779458556
557,16418.0,"(34.441994, -119.258898)",12.236298006004212
558,16419.0,"(34.441994, -119.258898)",12.286788893675373
559,16420.0,"(34.441994, -119.258898)",12.418189767890825
560,16421.0,"(34.441994, -119.258898)",12.650249190974804
561,16422.0,"(34.441994, -119.258898)",12.93191219631219
562,16423.0,"(34.441994, -119.258898)",13.209164595938464
563,16424.0,"(34.441994, -119.258898)",13.533560458223539
564,16425.0,"(34.441994, -119.258898)",14.283517304787868
565,16426.0,"(34.441994, -119.258898)",14.514183559063223
566,16427.0,"(34.441994, -119.258898)",15.342136411622368
567,16428.0,"(34.441994, -119.258898)",15.596579895764567
568,16429.0,"(34.441994, -119.258898)",16.358981819449607
569,16430.0,"(34.441994, -119.258898)",17.015806874574956
570,16431.0,"(34.441994, -119.258898)",17.53935988466633
571,16432.0,"(34.441994, -119.258898)",17.966598897922424
572,16433.0,"(34.441994, -119.258898)",18.161514645806413
573,16434.0,"(34.441994, -119.258898)",19.34037619542484
574,16435.0,"(34.441994, -119.258898)",19.475504337644296
575,16436.0,"(34.441994, -119.258898)",19.648720406885595
576,16437.0,"(34.441994, -119.258898)",19.770891406759596
577,16438.0,"(34.441994, -119.258898)",20.166604808904548
578,16439.0,"(34.441994, -119.258898)",21.194136253532413
579,16440.0,"(34.441994, -119.258898)",21.767528118946853
580,16441.0,"(34.441994, -119.258898)",22.15400431005226
581,16442.0,"(34.441994, -119.258898)",22.810636839415707
582,16443.0,"(34.441994, -119.258898)",23.568960334020435
583,16444.0,"(34.441994, -119.258898)",24.56392375613212
584,16445.0,"(34.441994, -119.258898)",24.967091419875675
585,16446.0,"(34.441994, -119.258898)",25.113490079206212
586,16447.0,"(34.441994, -119.258898)",25.208165569055165
587,16448.0,"(34.441994, -119.258898)",25.356613530662912
588,16449.0,"(34.441994, -119.258898)",25.675611999319965
589,16450.0,"(34.441994, -119.258898)",26.115927827048125
590,16451.0,"(34.441994, -119.258898)",26.141433270949655
591,16452.0,"(34.441994, -119.258898)",26.271422298884094
592,16453.0,"(34.441994, -119.258898)",26.199805940476683
593,16454.0,"(34.441994, -119.258898)",26.496526939225806
594,16455.0,"(34.441994, -119.258898)",26.633716291993093
595,16456.0,"(34.441994, -119.258898)",26.529008505412133
596,16457.0,"(34.441994, -119.258898)",26.61896270555334
597,16458.0,"(34.441994, -119.258898)",26.803590720603438
598,16459.0,"(34.441994, -119.258898)",27.229298923335715
599,16460.0,"(34.441994, -119.258898)",27.48531409761712
600,16461.0,"(34.441994, -119.258898)",27.75719116239217
601,16462.0,"(34.441994, -119.258898)",27.822232218161187
602,16463.0,"(34.441994, -119.258898)",27.749039444971917
603,16464.0,"(34.441994, -119.258898)",27.86835150924994
604,16465.0,"(34.441994, -119.258898)",28.28039452244719
605,16466.0,"(34.441994, -119.258898)",28.33384361338821
606,16467.0,"(34.441994, -119.258898)",28.574245888903622
607,16468.0,"(34.441994, -119.258898)",31.127517037558253
608,16469.0,"(34.441994, -119.258898)",33.05498394409074
609,16470.0,"(34.441994, -119.258898)",35.955036076929105
610,16471.0,"(34.441994, -119.258898)",38.05992121148118
611,16472.0,"(34.441994, -119.258898)",40.272061955097385
612,16473.0,"(34.441994, -119.258898)",41.001533459799106
613,16474.0,"(34.441994, -119.258898)",41.96204533783745
614,16475.0,"(34.441994, -119.258898)",42.5631008205398
615,16476.0,"(34.441994, -119.258898)",43.49685846061953
616,16477.0,"(34.441994, -119.258898)",48.68711884546882
617,16478.0,"(34.441994, -119.258898)",50.171688169775564
618,16479.0,"(34.418965, -119.697083)",2.222119106737979
619,16480.0,"(34.418965, -119.697083)",2.3918558856971903
620,16481.0,"(34.440227, -119.753359)",0.9929820768511991
621,16494.0,"(34.4237, -118.5845)",0.4393731579568652
622,16495.0,"(34.4237, -118.5845)",1.3568785276420137
623,16496.0,"(34.4237, -118.5845)",2.0096768559214024
624,16497.0,"(34.441994, -119.258898)",1.525509167401211
625,16498.0,"(34.441994, -119.258898)",2.2614821675334413
626,16499.0,"(34.441994, -119.258898)",2.6082547175379602
627,16500.0,"(34.431041, -118.554319)",5.993904699020929
628,16501.0,"(34.431041, -118.554319)",5.691991898735513
629,16502.0,"(34.431041, -118.554319)",5.190114863370565
630,16521.0,"(34.3683, -118.5092)",7.6504331512361015
631,16522.0,"(34.3683, -118.5092)",7.594857493018876
632,16523.0,"(34.3683, -118.5092)",7.341432189302249
633,16524.0,"(34.431041, -118.554319)",6.241938728377691
634,16525.0,"(34.418965, -119.697083)",2.6863986821705494
635,16526.0,"(34.418965, -119.697083)",1.444564949961061
636,16527.0,"(34.418965, -119.697083)",1.0789012838167553
637,16528.0,"(34.418965, -119.697083)",1.728926090172009
638,16529.0,"(34.418965, -119.697083)",2.843383555722768
639,16530.0,"(34.281483, -118.44167)",38.19791084449245
640,16531.0,"(34.281483, -118.44167)",36.73702836030869
641,16532.0,"(34.3683, -118.5092)",35.661507091756576
642,16533.0,"(34.3683, -118.5092)",33.865586124345036
643,16534.0,"(34.3683, -118.5092)",31.962321106803117
644,16535.0,"(34.3683, -118.5092)",31.283610430884213
645,16536.0,"(34.3683, -118.5092)",30.383736829244814
646,16537.0,"(34.3683, -118.5092)",29.5025763395832
647,16538.0,"(34.3683, -118.5092)",28.78642724994326
648,16539.0,"(34.3683, -118.5092)",28.16147964929381
649,16540.0,"(34.3683, -118.5092)",25.245542265355333
650,16541.0,"(34.3683, -118.5092)",22.980836087649124
651,16542.0,"(34.3683, -118.5092)",21.886148730379663
652,16543.0,"(34.3683, -118.5092)",19.759047252734266
653,16544.0,"(34.3683, -118.5092)",18.754187979973
654,16545.0,"(34.3683, -118.5092)",17.373000918008877
655,16546.0,"(34.3683, -118.5092)",16.68634876153354
656,16547.0,"(34.3683, -118.5092)",15.449433533812064
657,16548.0,"(34.3683, -118.5092)",13.679789038809078
658,16549.0,"(34.3683, -118.5092)",12.220978607661543
659,16550.0,"(34.3683, -118.5092)",10.057061157035866
660,16551.0,"(34.3683, -118.5092)",8.131801542301906
661,16552.0,"(34.431041, -118.554319)",1.7724094460849962
662,16553.0,"(34.431041, -118.554319)",2.1392711925363255
663,16554.0,"(34.431041, -118.554319)",2.471071213446432
664,16555.0,"(34.431041, -118.554319)",3.8284374604617644
665,16556.0,"(34.431041, -118.554319)",1.2031887489631001
666,16557.0,"(34.3683, -118.5092)",6.507425463697624
667,16558.0,"(34.3683, -118.5092)",6.240082131865725
668,16559.0,"(34.3683, -118.5092)",5.756401527874317
669,16560.0,"(34.3683, -118.5092)",4.611796601304056
670,16561.0,"(34.452312, -118.61614)",1.178060620380319
671,16562.0,"(34.452312, -118.61614)",2.6444593326812984
672,16563.0,"(34.452312, -118.61614)",4.43031507613692
673,16564.0,"(34.452312, -118.61614)",6.126133850343801
674,16565.0,"(34.452312, -118.61614)",7.195416682030692
675,16566.0,"(34.452312, -118.61614)",7.668094409766036
676,16567.0,"(34.452312, -118.61614)",9.387693251551458
677,16568.0,"(34.452312, -118.61614)",10.131941699470888
678,16569.0,"(34.452312, -118.61614)",10.431670312319351
679,16570.0,"(34.452312, -118.61614)",10.578021527846543
680,16571.0,"(34.452312, -118.61614)",11.141543011122184
681,16572.0,"(34.452312, -118.61614)",11.64407850084765
682,16573.0,"(34.452312, -118.61614)",12.676496348612163
683,16574.0,"(34.452312, -118.61614)",13.913844954535529
684,16575.0,"(34.272167, -118.797139)",15.18450213408669
685,16576.0,"(34.272167, -118.797139)",15.279406542279494
686,16577.0,"(34.272167, -118.797139)",14.736375195769622
687,16578.0,"(34.272167, -118.797139)",14.432864662248237
688,16579.0,"(34.272167, -118.797139)",14.909184385773276
689,16580.0,"(34.272167, -118.797139)",15.295423747872572
690,16581.0,"(34.272167, -118.797139)",16.17685802233808
691,16582.0,"(34.272167, -118.797139)",17.970574765998723
692,16583.0,"(34.272167, -118.797139)",19.851872581250777
693,16584.0,"(34.272167, -118.797139)",19.767605199958624
694,16585.0,"(34.272167, -118.797139)",19.915157375670102
695,16586.0,"(34.272167, -118.797139)",19.862815186787117
696,16587.0,"(34.272167, -118.797139)",19.37017718363947
697,16588.0,"(34.272167, -118.797139)",18.242505518499275
698,16611.0,"(34.441994, -119.258898)",2.678927469355622
699,16612.0,"(34.441994, -119.258898)",3.603741776706441
700,16613.0,"(34.441994, -119.258898)",4.569407821048515
701,16614.0,"(34.441994, -119.258898)",5.77347437238362
702,16615.0,"(34.441994, -119.258898)",7.018962433922933
703,16616.0,"(34.441994, -119.258898)",9.064045092130861
704,16617.0,"(34.441994, -119.258898)",9.818906783790126
705,16618.0,"(34.441994, -119.258898)",10.204162235043308
706,16619.0,"(34.441994, -119.258898)",10.593997991477922
707,16620.0,"(34.441994, -119.258898)",10.619406796524757
708,16621.0,"(34.441994, -119.258898)",11.06057850915135
709,16622.0,"(34.441994, -119.258898)",12.09422706876645
710,16623.0,"(34.441994, -119.258898)",13.319578707726539
711,16624.0,"(34.441994, -119.258898)",14.249575052020308
712,16625.0,"(34.441994, -119.258898)",14.603388202809274
713,16626.0,"(34.441994, -119.258898)",15.38733103859867
714,16627.0,"(34.441994, -119.258898)",17.32974091036132
715,16628.0,"(34.421527, -119.631377)",17.327458935816452
716,16629.0,"(34.421527, -119.631377)",16.61030297604206
717,16630.0,"(34.421527, -119.631377)",15.495260920138627
718,16631.0,"(34.421527, -119.631377)",14.453874017704694
719,16632.0,"(34.421527, -119.631377)",14.33038274047183
720,16633.0,"(34.421527, -119.631377)",13.910442631758018
721,16634.0,"(34.421527, -119.631377)",11.475734977170793
722,16635.0,"(34.421527, -119.631377)",10.926692445961507
723,16636.0,"(34.421527, -119.631377)",10.443744750150348
724,16637.0,"(34.421527, -119.631377)",10.08370385640641
725,16638.0,"(34.421527, -119.631377)",8.636962367615586
726,16639.0,"(34.421527, -119.631377)",8.089098388994616
727,16640.0,"(34.421527, -119.631377)",7.63748241106036
728,16641.0,"(34.421527, -119.631377)",6.74570592131509
729,16642.0,"(34.421527, -119.631377)",5.840442358960195
730,16643.0,"(34.421527, -119.631377)",5.551004745681272
731,16644.0,"(34.421527, -119.631377)",5.3438024357964675
732,16645.0,"(34.421527, -119.631377)",4.921983523419057
733,16646.0,"(34.421527, -119.631377)",3.4155608247195532
734,16647.0,"(34.421527, -119.631377)",2.5838044902218247
735,16648.0,"(34.421527, -119.631377)",2.0729858328342545
736,16649.0,"(34.421527, -119.631377)",1.88546517317641
737,16650.0,"(34.421527, -119.631377)",1.7384375410859936
738,16651.0,"(34.421527, -119.631377)",1.6412184713575475
739,16652.0,"(34.421527, -119.631377)",1.8410944913113918
740,16653.0,"(34.421527, -119.631377)",2.432315629959504
741,16654.0,"(34.418965, -119.697083)",3.734085222336651
742,16655.0,"(34.418965, -119.697083)",3.5604333867464675
743,16656.0,"(34.418965, -119.697083)",3.2897221069755362
744,16657.0,"(34.418965, -119.697083)",3.254589701735245
745,16658.0,"(34.418965, -119.697083)",3.180039620261905
746,16659.0,"(34.418965, -119.697083)",2.9573247405859475
747,16660.0,"(34.418965, -119.697083)",2.587726016675778
748,16661.0,"(34.418965, -119.697083)",2.4930244282721947
749,16662.0,"(34.418965, -119.697083)",2.563122908414798
750,16663.0,"(34.238654, -119.177398)",18.765875926736193
751,16664.0,"(34.441994, -119.258898)",17.858076115012235
752,16665.0,"(34.441994, -119.258898)",16.778593650141072
753,16666.0,"(34.441994, -119.258898)",15.574730166052143
754,16667.0,"(34.441994, -119.258898)",15.109690030056456
755,16668.0,"(34.441994, -119.258898)",12.39515534105175
756,16669.0,"(34.441994, -119.258898)",10.996087491033453
757,16670.0,"(34.441994, -119.258898)",10.556246754640153
758,16671.0,"(34.441994, -119.258898)",5.220400546073851
759,16672.0,"(34.441994, -119.258898)",5.458260491392949
760,16673.0,"(34.441994, -119.258898)",5.07955334473325
761,16674.0,"(34.238654, -119.177398)",18.350234638992855
762,16675.0,"(34.238654, -119.177398)",18.788855272569425
763,16676.0,"(34.272167, -118.797139)",22.123703028540767
764,16677.0,"(34.272167, -118.797139)",20.352985002951417
765,16678.0,"(34.272167, -118.797139)",19.907227254221553
766,16679.0,"(34.238654, -119.177398)",17.1584451520272
767,16680.0,"(34.238654, -119.177398)",18.43190996059652
768,16681.0,"(34.238654, -119.177398)",17.784499184241252
769,16682.0,"(34.275162, -119.239734)",8.328683928138815
770,16683.0,"(34.275162, -119.239734)",10.016813552434769
771,16684.0,"(34.441994, -119.258898)",9.773106135246145
772,16685.0,"(34.441994, -119.258898)",8.952790712711169
773,16686.0,"(34.441994, -119.258898)",6.541171196059682
774,16687.0,"(34.441994, -119.258898)",5.54964468870583
775,16688.0,"(34.441994, -119.258898)",4.963806455897586
776,16689.0,"(34.3683, -118.5092)",4.31135461498918
777,16690.0,"(34.3683, -118.5092)",3.5011945518671395
778,16691.0,"(34.3683, -118.5092)",2.9455711808069736
779,16692.0,"(34.3683, -118.5092)",2.201428755377296
780,16693.0,"(34.3683, -118.5092)",1.575084189082126
781,16694.0,"(34.3683, -118.5092)",0.373941329966606
782,16695.0,"(34.3683, -118.5092)",0.9380569181335404
783,16696.0,"(34.3683, -118.5092)",2.661808843692103
784,16697.0,"(34.3683, -118.5092)",3.2818970866927755
785,16698.0,"(34.3683, -118.5092)",3.0876376396893015
786,16699.0,"(34.3683, -118.5092)",3.3187354043116346
787,16700.0,"(34.3683, -118.5092)",4.380107057009758
788,16701.0,"(34.3683, -118.5092)",4.779727050557208
789,16702.0,"(34.3683, -118.5092)",5.212649893553275
790,16703.0,"(34.238654, -119.177398)",14.081635367549188
791,16704.0,"(34.281483, -118.44167)",5.444605924109807
792,16705.0,"(34.281483, -118.44167)",5.247931214151688
793,16706.0,"(34.3683, -118.5092)",4.740136503196207
794,16707.0,"(34.3683, -118.5092)",4.638936848058442
795,16708.0,"(34.3683, -118.5092)",5.674400158115219
796,16709.0,"(34.281483, -118.44167)",5.619563940757069
797,16710.0,"(34.3683, -118.5092)",3.586378069179076
798,16711.0,"(34.3683, -118.5092)",4.483640961630129
799,16788.0,"(34.281483, -118.44167)",3.5584867148049417
800,16789.0,"(34.281483, -118.44167)",3.3204471513514577
801,16790.0,"(34.272167, -118.797139)",5.129211665053483
802,16791.0,"(34.272167, -118.797139)",4.555846631916727
803,16792.0,"(34.281483, -118.44167)",3.6013719973766487
804,16793.0,"(34.272167, -118.797139)",4.145824948951151
805,16794.0,"(34.272167, -118.797139)",3.066949189271993
806,16795.0,"(34.272167, -118.797139)",2.2319413332228835
807,16796.0,"(34.272167, -118.797139)",2.4774445581422233
808,16797.0,"(34.272167, -118.797139)",4.222606133352822
809,16798.0,"(34.272167, -118.797139)",4.925348916297391
810,16799.0,"(34.272167, -118.797139)",5.599175591687303
811,16800.0,"(34.272167, -118.797139)",5.948647398798946
812,16801.0,"(34.272167, -118.797139)",6.014552195548986
813,16802.0,"(34.272167, -118.797139)",6.554274646190211
814,16803.0,"(34.275162, -119.239734)",5.704800062359246
815,16804.0,"(34.275162, -119.239734)",5.815631571023913
816,16805.0,"(34.275162, -119.239734)",6.418553514497933
817,16806.0,"(34.275162, -119.239734)",7.058536223244511
818,16807.0,"(34.275162, -119.239734)",6.2863564909230325
819,16808.0,"(34.275162, -119.239734)",6.974060785108652
820,16809.0,"(34.275162, -119.239734)",7.881768051870176
821,16810.0,"(34.275162, -119.239734)",10.278578117097135
822,16811.0,"(34.275162, -119.239734)",11.620157407982154
823,16812.0,"(34.275162, -119.239734)",12.606450704878197
824,16813.0,"(34.275162, -119.239734)",13.1070204954506
825,16814.0,"(34.275162, -119.239734)",14.056413078074586
826,16815.0,"(34.275162, -119.239734)",14.644628983298425
827,16816.0,"(34.441994, -119.258898)",18.047590898734718
828,16817.0,"(34.441994, -119.258898)",18.1856248853622
829,16818.0,"(34.441994, -119.258898)",18.815796098390223
830,16819.0,"(34.421527, -119.631377)",18.715153925041815
831,16820.0,"(34.421527, -119.631377)",17.794149664476134
832,16821.0,"(34.421527, -119.631377)",16.61049460362792
833,16822.0,"(34.421527, -119.631377)",15.094225974122656
834,16823.0,"(34.421527, -119.631377)",14.286758221338324
835,16824.0,"(34.421527, -119.631377)",13.210378713092062
836,16825.0,"(34.421527, -119.631377)",10.990153293981601
837,16826.0,"(34.421527, -119.631377)",9.604717310115788
838,16827.0,"(34.421527, -119.631377)",8.759486457876948
839,16828.0,"(34.421527, -119.631377)",7.576815360678405
840,16829.0,"(34.421527, -119.631377)",6.495785619213842
841,16830.0,"(34.421527, -119.631377)",6.155315992233791
842,16831.0,"(34.421527, -119.631377)",5.0174732896293195
843,16832.0,"(34.421527, -119.631377)",4.474952685669843
844,16833.0,"(34.421527, -119.631377)",3.3658746102160446
845,16834.0,"(34.421527, -119.631377)",3.0911536809007822
846,16835.0,"(34.421527, -119.631377)",1.2190136083183434
847,16836.0,"(34.421527, -119.631377)",2.46748971126589
848,16852.0,"(34.281483, -118.44167)",3.6223189127575908
849,16853.0,"(34.281483, -118.44167)",3.655325832269656
850,16854.0,"(34.238654, -119.177398)",5.282410916126518
851,16855.0,"(34.238654, -119.177398)",6.519661403892457
852,16856.0,"(34.238654, -119.177398)",11.490661979280206
853,16857.0,"(34.238654, -119.177398)",13.288011178662988
854,16858.0,"(34.281483, -118.44167)",3.2284253283092843
855,16859.0,"(34.272167, -118.797139)",7.500112941642715
856,16860.0,"(34.272167, -118.797139)",15.794749922426625
857,16861.0,"(34.272167, -118.797139)",15.593888383428885
858,16862.0,"(34.272167, -118.797139)",14.531279186176329
859,16863.0,"(34.272167, -118.797139)",13.441221818973839
860,16864.0,"(34.272167, -118.797139)",12.710140364694599
861,16865.0,"(34.272167, -118.797139)",12.10418629724598
862,16866.0,"(34.272167, -118.797139)",10.825661823414613
863,16867.0,"(34.272167, -118.797139)",9.178793759590645
864,16868.0,"(34.272167, -118.797139)",7.995418363100315
865,16869.0,"(34.272167, -118.797139)",7.8865814957487475
866,16870.0,"(34.272167, -118.797139)",8.006487179089895
867,16871.0,"(34.281483, -118.44167)",4.235274896897139
868,16872.0,"(34.281483, -118.44167)",4.763577261771936
869,16873.0,"(34.275162, -119.239734)",4.926378417310148
870,16874.0,"(34.238654, -119.177398)",5.029554031779334
871,16875.0,"(34.272167, -118.797139)",6.671057827953598
872,16876.0,"(34.272167, -118.797139)",8.46817177524811
873,16877.0,"(34.272167, -118.797139)",9.523679345110493
874,16878.0,"(34.272167, -118.797139)",10.333318003035052
875,16879.0,"(34.281483, -118.44167)",1.6902546627018395
876,16880.0,"(34.281483, -118.44167)",4.731330168640955
877,16881.0,"(34.3683, -118.5092)",5.3276882758803445
878,16882.0,"(34.281483, -118.44167)",1.6512669013320485
879,16883.0,"(34.275162, -119.239734)",5.1801705254195705
880,16884.0,"(34.238654, -119.177398)",5.386448430633533
881,16885.0,"(34.238654, -119.177398)",5.5015076461803725
882,16886.0,"(34.281483, -118.44167)",7.135364090778714
883,16887.0,"(34.281483, -118.44167)",9.272774975785774
884,16888.0,"(34.272167, -118.797139)",8.343435792752675
885,16889.0,"(34.275162, -119.239734)",2.776224328473264
886,16890.0,"(34.281483, -118.44167)",0.6333066636838126
887,16891.0,"(34.275162, -119.239734)",0.8909533975615027
888,16892.0,"(34.275162, -119.239734)",0.8644115330484095
889,16893.0,"(34.275162, -119.239734)",4.015667808142612
890,16894.0,"(34.275162, -119.239734)",2.38017575461297
891,16895.0,"(34.281483, -118.44167)",2.044884795222312
892,16896.0,"(34.281483, -118.44167)",9.718309502968435
893,16897.0,"(34.187565, -118.318197)",9.666003773176762
894,16898.0,"(34.23471, -118.55287)",6.407166037894764
895,16899.0,"(34.23471, -118.55287)",6.258560353646205
896,16900.0,"(34.281483, -118.44167)",1.7027504341919366
897,16901.0,"(34.281483, -118.44167)",2.148726618198216
898,16902.0,"(34.266234, -118.526633)",1.0133589055484458
899,16903.0,"(34.266234, -118.526633)",0.860747551536174
900,16904.0,"(34.266234, -118.526633)",0.968204205236996
901,16905.0,"(34.23471, -118.55287)",5.830984193563353
902,16906.0,"(34.23471, -118.55287)",4.556456542475176
903,16907.0,"(34.275162, -119.239734)",0.9298777138291596
904,16908.0,"(34.275162, -119.239734)",0.9886655186175688
905,16909.0,"(34.23471, -118.55287)",4.469861824548449
906,16910.0,"(34.272167, -118.797139)",11.633537001386543
907,16911.0,"(34.23471, -118.55287)",9.186494633166113
908,16912.0,"(34.23471, -118.55287)",8.496168423325468
909,16913.0,"(34.23471, -118.55287)",7.536807362833377
910,16914.0,"(34.281483, -118.44167)",1.6104256877082959
911,16915.0,"(34.281483, -118.44167)",1.5749381314576334
912,16916.0,"(34.281483, -118.44167)",1.405229925051964
913,16938.0,"(34.23471, -118.55287)",4.201291089441588
914,16939.0,"(34.272167, -118.797139)",1.8689948124569662
915,16940.0,"(34.272167, -118.797139)",3.3814516123450127
916,16941.0,"(34.18445, -118.890747)",13.121024010338832
917,16942.0,"(34.18445, -118.890747)",11.143294887129901
918,16943.0,"(34.18445, -118.890747)",10.624929796827383
919,16944.0,"(34.18445, -118.890747)",10.807336279323515
920,16945.0,"(34.187565, -118.318197)",8.614841860202207
921,16946.0,"(34.272167, -118.797139)",1.3138797519848768
922,16947.0,"(34.187565, -118.318197)",8.548790603320773
923,16948.0,"(34.272167, -118.797139)",1.0983259298047439
924,16949.0,"(34.23471, -118.55287)",3.8382588550886707
925,16950.0,"(34.23471, -118.55287)",3.3893844331861316
926,16951.0,"(34.272167, -118.797139)",0.9834040616602948
927,16952.0,"(34.266234, -118.526633)",2.9494053001809473
928,16953.0,"(34.266234, -118.526633)",1.1986655701833575
929,16954.0,"(34.281483, -118.44167)",2.9410993515268355
930,16955.0,"(34.281483, -118.44167)",2.0921440039177504
931,16964.0,"(34.266234, -118.526633)",2.132630924307499
932,16965.0,"(34.266234, -118.526633)",3.218653097188983
933,16966.0,"(34.281483, -118.44167)",4.080320839047823
934,16967.0,"(34.281483, -118.44167)",3.397119404118507
935,16973.0,"(34.238654, -119.177398)",3.4768696404293857
936,16974.0,"(34.275162, -119.239734)",2.1422540007547317
937,16975.0,"(34.275162, -119.239734)",1.5900260920139129
938,16976.0,"(34.18445, -118.890747)",13.570985564170368
939,16977.0,"(34.238654, -119.177398)",7.289176984236046
940,16978.0,"(34.238654, -119.177398)",6.447694289472579
941,16979.0,"(34.238654, -119.177398)",5.355106997987953
942,16999.0,"(34.238654, -119.177398)",2.6242780253055273
943,17000.0,"(34.272167, -118.797139)",2.099888095620369
944,17001.0,"(34.272167, -118.797139)",2.9428170064028785
945,17002.0,"(34.272167, -118.797139)",4.5877898809965245
946,17003.0,"(34.272167, -118.797139)",5.272098720451107
947,17004.0,"(34.272167, -118.797139)",4.5390226106243095
948,17005.0,"(34.23471, -118.55287)",5.005349901792807
949,17037.0,"(34.238654, -119.177398)",0.8866220367564498
950,17038.0,"(34.238654, -119.177398)",1.5740838355580857
951,17039.0,"(34.23471, -118.55287)",4.972393504424967
952,17040.0,"(34.23471, -118.55287)",4.871608308730188
953,17041.0,"(34.23471, -118.55287)",4.8473415676592895
954,17042.0,"(34.238654, -119.177398)",1.3458516290550802
955,17043.0,"(34.187565, -118.318197)",8.442432505961815
956,17044.0,"(34.187565, -118.318197)",6.556901700138588
957,17045.0,"(34.187565, -118.318197)",6.511517712398758
958,17046.0,"(34.18487, -118.311672)",7.1565538594524964
959,17061.0,"(34.281483, -118.44167)",3.158514425282386
960,17062.0,"(34.281483, -118.44167)",4.7660197601769525
961,17063.0,"(34.281483, -118.44167)",6.452839586759946
962,17064.0,"(34.238654, -119.177398)",1.7979007287069424
963,17067.0,"(34.238654, -119.177398)",2.048255419116012
964,17068.0,"(34.238654, -119.177398)",3.6385390969650513
965,17069.0,"(34.238654, -119.177398)",3.4192414129914024
966,17070.0,"(34.238654, -119.177398)",3.198039560883059
967,17071.0,"(34.238654, -119.177398)",4.378424772858452
968,17077.0,"(34.18445, -118.890747)",5.21515310130115
969,17078.0,"(34.18445, -118.890747)",5.156872875846292
970,17079.0,"(34.18445, -118.890747)",13.530958275944293
971,17080.0,"(34.18445, -118.890747)",13.367635350419254
972,17081.0,"(34.18445, -118.890747)",12.927768221342259
973,17082.0,"(34.18445, -118.890747)",12.438553035327613
974,17083.0,"(34.18445, -118.890747)",12.58112497173105
975,17084.0,"(34.238654, -119.177398)",5.496576316645458
976,17085.0,"(34.238654, -119.177398)",8.40249255125605
977,17086.0,"(34.238654, -119.177398)",11.102876171132069
978,17087.0,"(34.238654, -119.177398)",12.49099386423661
979,17109.0,"(34.18487, -118.311672)",7.249825321594721
980,17110.0,"(34.148107, -118.227151)",7.968274935272901
981,17111.0,"(34.148107, -118.227151)",7.238654879042664
982,17112.0,"(34.148107, -118.227151)",6.909492874040533
983,17113.0,"(34.148107, -118.227151)",7.005966911664849
984,17126.0,"(34.148107, -118.227151)",6.786102919293289
985,17127.0,"(34.148107, -118.227151)",6.44760158042162
986,17128.0,"(34.238654, -119.177398)",13.397196157022243
987,17129.0,"(34.18445, -118.890747)",13.43616614033725
988,17130.0,"(34.148107, -118.227151)",6.217541488394347
989,17131.0,"(34.187565, -118.318197)",7.5276972743095865
990,17132.0,"(34.187565, -118.318197)",5.077252234917932
991,17133.0,"(34.187565, -118.318197)",3.909918171127997
992,17134.0,"(34.187565, -118.318197)",2.449402692492237
993,17135.0,"(34.187565, -118.318197)",2.1125413602954843
994,17136.0,"(34.18445, -118.890747)",3.759535037110586
995,17137.0,"(34.18445, -118.890747)",4.132769470632065
996,17153.0,"(34.187565, -118.318197)",1.560770037568353
997,17154.0,"(34.281483, -118.44167)",3.4090841234683347
998,17155.0,"(34.281483, -118.44167)",5.458246002860371
999,17156.0,"(34.281483, -118.44167)",6.998704717507783
1000,17157.0,"(34.156902, -118.467539)",5.828033186439195
1001,17158.0,"(34.156902, -118.467539)",4.683057083002556
1002,17159.0,"(34.156902, -118.467539)",4.184690564893293
1003,17160.0,"(34.156902, -118.467539)",4.074099850678807
1004,17161.0,"(34.18445, -118.890747)",3.3123228890944
1005,17162.0,"(34.18445, -118.890747)",3.3733089898739026
1006,17207.0,"(34.238654, -119.177398)",6.56126123352307
1007,17208.0,"(34.238654, -119.177398)",6.559790109362572
1008,17209.0,"(34.238654, -119.177398)",5.598922919336091
1009,17210.0,"(34.238654, -119.177398)",2.118003236845966
1010,17211.0,"(34.238654, -119.177398)",1.1318293207491064
1011,17212.0,"(34.18445, -118.890747)",2.3492768820923384
1012,17213.0,"(34.18445, -118.890747)",3.1427557816486433
1013,17214.0,"(34.156902, -118.467539)",4.071593955393737
1014,17215.0,"(34.156902, -118.467539)",4.030478340519525
1015,17216.0,"(34.18445, -118.890747)",1.6247389029472066
1016,17217.0,"(34.18445, -118.890747)",1.4535366663100389
1017,17218.0,"(34.18445, -118.890747)",0.9957689850901328
1018,17219.0,"(34.18445, -118.890747)",0.8425158840261296
1019,17220.0,"(34.18445, -118.890747)",1.4782125461939726
1020,17221.0,"(34.18445, -118.890747)",3.789455347717978
1021,17222.0,"(34.18445, -118.890747)",6.533437176927551
1022,17223.0,"(34.18445, -118.890747)",7.928867358740493
1023,17224.0,"(34.18445, -118.890747)",8.99694091779352
1024,17225.0,"(34.18445, -118.890747)",9.785031721138605
1025,17226.0,"(34.18445, -118.890747)",11.122428941231464
1026,17227.0,"(34.18445, -118.890747)",11.98983128511328
1027,17228.0,"(34.18445, -118.890747)",3.234178963887247
1028,17235.0,"(34.156902, -118.467539)",2.144766267131773
1029,17236.0,"(34.158291, -118.82363)",3.3843012073759207
1030,17237.0,"(34.156902, -118.467539)",1.9623228876998808
1031,17238.0,"(34.156902, -118.467539)",1.903205820732344
1032,17239.0,"(34.156902, -118.467539)",1.95415317227076
1033,17240.0,"(34.23471, -118.55287)",5.4429417483195195
1034,17241.0,"(34.154607, -118.645367)",5.291216310997548
1035,17242.0,"(34.154607, -118.645367)",4.219468733277469
1036,17243.0,"(34.154607, -118.645367)",5.1226050772391485
1037,17244.0,"(34.154607, -118.645367)",5.673208949331017
1038,17245.0,"(34.23471, -118.55287)",6.765037980796151
1039,17246.0,"(34.23471, -118.55287)",6.28697949032483
1040,17247.0,"(34.156902, -118.467539)",5.454807977005504
1041,17248.0,"(34.281483, -118.44167)",8.21493116473879
1042,17249.0,"(34.179384, -118.320974)",7.315777270416755
1043,17250.0,"(34.179384, -118.320974)",6.095017343116006
1044,17251.0,"(34.179384, -118.320974)",5.550809773419371
1045,17252.0,"(34.179384, -118.320974)",5.486570213475453
1046,17253.0,"(34.156902, -118.467539)",1.9624184375919973
1047,17254.0,"(34.156902, -118.467539)",5.842441512130368
1048,17255.0,"(34.187565, -118.318197)",1.3870846634373741
1049,17256.0,"(34.18487, -118.311672)",0.6628766365570077
1050,17257.0,"(34.18487, -118.311672)",2.3361556080901287
1051,17258.0,"(34.18487, -118.311672)",2.9238199024250204
1052,17260.0,"(34.179384, -118.320974)",5.024983801690276
1053,17261.0,"(34.179384, -118.320974)",2.875783723775591
1054,17262.0,"(34.179384, -118.320974)",2.0079757517466796
1055,17263.0,"(34.148107, -118.227151)",5.5713778547662605
1056,17264.0,"(34.148107, -118.227151)",4.67783959505382
1057,17265.0,"(34.148107, -118.227151)",2.8753357568670648
1058,17266.0,"(34.148107, -118.227151)",1.9620709252904804
1059,17267.0,"(34.148107, -118.227151)",1.53258382119945
1060,17268.0,"(34.158291, -118.82363)",1.235203982490099
1061,17269.0,"(34.148107, -118.227151)",1.455783199482862
1062,17275.0,"(34.148107, -118.227151)",7.426062528505381
1063,17276.0,"(34.144835, -118.146609)",7.135145963577904
1064,17277.0,"(34.144835, -118.146609)",5.591994006722979
1065,17278.0,"(34.144835, -118.146609)",4.188095125311877
1066,17279.0,"(34.144835, -118.146609)",2.724599014444164
1067,17280.0,"(34.144835, -118.146609)",1.6625296845870028
1068,17281.0,"(34.144835, -118.146609)",1.5007755427403733
1069,17282.0,"(34.148107, -118.227151)",1.2375391208234714
1070,17283.0,"(34.18487, -118.311672)",2.964898206074439
1071,17284.0,"(34.145099, -118.256433)",2.2527921222515506
1072,17285.0,"(34.148107, -118.227151)",2.169590813555705
1073,17286.0,"(34.148107, -118.227151)",1.252003335416856
1074,17287.0,"(34.145099, -118.256433)",3.184703305861604
1075,17288.0,"(34.145099, -118.256433)",3.120222208690563
1076,17300.0,"(34.154607, -118.645367)",0.19250554826429217
1077,17301.0,"(34.154607, -118.645367)",2.3395410212693406
1078,17302.0,"(34.154607, -118.645367)",3.7974506888755113
1079,17304.0,"(34.154607, -118.645367)",0.0692700244739281
1080,17305.0,"(34.148107, -118.227151)",1.5388664876826106
1081,17306.0,"(34.148107, -118.227151)",2.547739764264113
1082,17307.0,"(34.144835, -118.146609)",3.409458641220943
1083,17308.0,"(34.144835, -118.146609)",1.9873081071218772
1084,17309.0,"(34.144835, -118.146609)",1.6441542611689182
1085,17310.0,"(34.144835, -118.146609)",1.5186340385230799
1086,17311.0,"(34.139, -118.1312)",1.9293912225463001
1087,17312.0,"(34.153571, -118.081718)",1.9101763890204244
1088,17313.0,"(34.153571, -118.081718)",0.9371253133584142
1089,17314.0,"(34.153571, -118.081718)",0.20750800238662498
1090,17334.0,"(34.154607, -118.645367)",2.2572759546994208
1091,17335.0,"(34.154607, -118.645367)",3.457063871412993
1092,17336.0,"(34.154607, -118.645367)",5.296478018214741
1093,17337.0,"(34.154607, -118.645367)",5.743025360462729
1094,17338.0,"(34.154607, -118.645367)",6.649425219015663
1095,17339.0,"(34.154607, -118.645367)",7.3400659318624575
1096,17340.0,"(34.158291, -118.82363)",7.990446552614724
1097,17341.0,"(34.158291, -118.82363)",5.723429645601177
1098,17342.0,"(34.158291, -118.82363)",1.6869870103587334
1099,17343.0,"(34.158291, -118.82363)",0.3813179439274133
1100,17344.0,"(34.156902, -118.467539)",0.5888275453693199
1101,17345.0,"(34.156902, -118.467539)",1.8881378310955799
1102,17412.0,"(34.154607, -118.645367)",3.621256782531486
1103,17413.0,"(34.154607, -118.645367)",3.5036572860998496
1104,17414.0,"(34.154607, -118.645367)",4.342047252477333
1105,17415.0,"(34.154607, -118.645367)",4.804849517203525
1106,17456.0,"(34.156902, -118.467539)",3.021306398890782
1107,17470.0,"(34.145099, -118.256433)",2.3939625216078717
1108,17471.0,"(34.145099, -118.256433)",2.939670283115725
1109,17473.0,"(34.145099, -118.256433)",3.0295578282893345
1110,17484.0,"(34.144835, -118.146609)",1.130580244512639
1111,17485.0,"(34.144835, -118.146609)",0.597922647797602
1112,17486.0,"(34.12699, -118.147727)",0.9994505147591932
1113,17487.0,"(34.12699, -118.147727)",1.9722539228049611
1114,17532.0,"(34.145099, -118.256433)",4.680237834668507
1115,17533.0,"(34.145099, -118.256433)",4.042793143097165
1116,17534.0,"(34.148107, -118.227151)",3.300126641811845
1117,17535.0,"(34.148107, -118.227151)",2.924962239553879
1118,17536.0,"(34.148107, -118.227151)",1.6499470543362105
1119,17537.0,"(34.148107, -118.227151)",0.8906336199187298
1120,17538.0,"(34.148107, -118.227151)",0.7527088236349677
1121,17539.0,"(34.145099, -118.256433)",3.559844726991471
1122,17540.0,"(34.145099, -118.256433)",4.578779188855042
1123,17546.0,"(34.154607, -118.645367)",5.474747073715734
1124,17547.0,"(34.154607, -118.645367)",6.457607003842665
1125,17548.0,"(34.154607, -118.645367)",7.448372489182301
1126,17549.0,"(34.154607, -118.645367)",7.828961822702751
1127,17550.0,"(34.154607, -118.645367)",7.8321222388974014
1128,17558.0,"(34.12699, -118.147727)",3.234695855436527
1129,17559.0,"(34.087069, -118.151192)",4.66737250093669
1130,17608.0,"(34.156902, -118.467539)",3.7811957746180576
1131,17609.0,"(34.156902, -118.467539)",5.463869003572883
1132,17610.0,"(34.156902, -118.467539)",6.5463572440219036
1133,17611.0,"(34.047878, -118.524987)",6.74625792798687
1134,17614.0,"(34.179384, -118.320974)",5.14627945307101
1135,17615.0,"(34.179384, -118.320974)",5.42378964237408
1136,17616.0,"(34.179384, -118.320974)",5.4761289306261896
1137,17617.0,"(34.091635, -118.382241)",5.383272339714199
1138,17618.0,"(34.091635, -118.382241)",6.0034141672910035
1139,17619.0,"(34.091635, -118.382241)",6.675741823589932
1140,17620.0,"(34.047424, -118.264589)",6.335685287339284
1141,17639.0,"(34.087069, -118.151192)",5.948424109450293
1142,17640.0,"(34.047424, -118.264589)",5.9560112981225535
1143,17641.0,"(34.145099, -118.256433)",5.682303361974578
1144,17642.0,"(34.047424, -118.264589)",6.032782600235176
1145,17648.0,"(34.154607, -118.645367)",7.954960859102953
1146,17649.0,"(34.154607, -118.645367)",8.332195160122646
1147,17650.0,"(34.047878, -118.524987)",7.733746413201503
1148,17661.0,"(34.047878, -118.524987)",6.440664711842673
1149,17662.0,"(34.03818, -118.443301)",5.10405217133301
1150,17701.0,"(34.047424, -118.264589)",2.775882833443987
1151,17702.0,"(34.047424, -118.264589)",4.367954543813394
1152,17703.0,"(34.145099, -118.256433)",5.045606017053951
1153,17704.0,"(34.047424, -118.264589)",6.244773404896532
1154,17705.0,"(34.047424, -118.264589)",4.435478203133876
1155,17706.0,"(34.047424, -118.264589)",3.2392039363941
1156,17707.0,"(34.047424, -118.264589)",2.7886573429090307
1157,17742.0,"(34.087069, -118.151192)",2.123231880081923
1158,17743.0,"(34.087069, -118.151192)",2.6843054991098905
1159,17744.0,"(34.087069, -118.151192)",5.052486015271411
1160,17745.0,"(34.087069, -118.151192)",2.557551476057036
1161,17746.0,"(34.087069, -118.151192)",2.136456716643478
1162,17749.0,"(34.087069, -118.151192)",2.6272207568660617
1163,17756.0,"(34.047424, -118.264589)",4.080361537827085
1164,17757.0,"(34.047424, -118.264589)",2.593585667631629
1165,17758.0,"(34.047424, -118.264589)",2.6973773697893377
1166,17770.0,"(34.087069, -118.151192)",3.0917112275557215
1167,17783.0,"(34.033502, -118.240852)",3.630615090918233
1168,17784.0,"(34.087069, -118.151192)",4.841134121140256
1169,17785.0,"(34.087069, -118.151192)",3.1500531115624617
1170,17786.0,"(34.033502, -118.240852)",5.284105371561158
1171,17787.0,"(34.033502, -118.240852)",3.9477327913107834
1172,17788.0,"(34.047424, -118.264589)",2.5943468532932465
1173,17789.0,"(34.033502, -118.240852)",2.6662320351609705
1174,17802.0,"(34.03818, -118.443301)",1.446073950539701
1175,17803.0,"(34.03818, -118.443301)",2.066303123673289
1176,17804.0,"(34.091635, -118.382241)",4.077358761876635
1177,17805.0,"(34.091635, -118.382241)",1.8302863474156696
1178,17806.0,"(34.091635, -118.382241)",0.8138988473502453
1179,17807.0,"(34.091635, -118.382241)",0.6414453472102852
1180,17808.0,"(34.091635, -118.382241)",2.142373422988431
1181,17809.0,"(34.091635, -118.382241)",3.8439213923925446
1182,17810.0,"(34.03818, -118.443301)",3.471845033867761
1183,17817.0,"(34.087069, -118.151192)",4.4421006137923955
1184,17845.0,"(34.047878, -118.524987)",7.280861678888537
1185,17846.0,"(34.047878, -118.524987)",6.307212147382576
1186,17847.0,"(34.047878, -118.524987)",5.445397427464869
1187,17848.0,"(34.047878, -118.524987)",5.1929267889607855
1188,17849.0,"(34.047878, -118.524987)",5.044594009505606
1189,17850.0,"(34.047878, -118.524987)",3.603210551916499
1190,17851.0,"(34.047424, -118.264589)",2.488246521145058
1191,17852.0,"(34.047424, -118.264589)",0.9127642769301891
1192,17853.0,"(34.047424, -118.264589)",0.8877959978123351
1193,17854.0,"(34.047424, -118.264589)",1.139295987892752
1194,17868.0,"(34.087069, -118.151192)",5.712457592426954
1195,17869.0,"(34.087069, -118.151192)",5.791974739545353
1196,17875.0,"(34.087069, -118.151192)",6.184464280381933
1197,17876.0,"(34.087069, -118.151192)",5.773230556475483
1198,17877.0,"(34.087069, -118.151192)",6.209990834456791
1199,17878.0,"(34.087069, -118.151192)",7.300197768781942
1200,17879.0,"(34.087069, -118.151192)",7.641472846367326
1201,17880.0,"(34.087069, -118.151192)",8.694908852030286
1202,17881.0,"(34.087069, -118.151192)",8.876093672683243
1203,17898.0,"(34.03818, -118.443301)",0.9166913802583754
1204,17899.0,"(34.03818, -118.443301)",1.4409384727811334
1205,17900.0,"(34.03818, -118.443301)",1.6112237766577877
1206,17901.0,"(34.027942, -118.393968)",1.6231365760272738
1207,17902.0,"(34.027942, -118.393968)",0.21947326601171077
1208,17903.0,"(34.027046, -118.388416)",1.1142102761422605
1209,17904.0,"(34.027046, -118.388416)",2.5565419618599843
1210,17905.0,"(34.027046, -118.388416)",3.178835158112433
1211,17906.0,"(34.027046, -118.388416)",5.200098350883871
1212,17907.0,"(34.047424, -118.264589)",3.9203536238372925
1213,17908.0,"(34.047424, -118.264589)",1.8254262674455188
1214,17909.0,"(34.158291, -118.82363)",14.395285876053402
1215,17910.0,"(34.158291, -118.82363)",13.451436312250905
1216,17911.0,"(34.158291, -118.82363)",13.436092785194159
1217,17912.0,"(34.18445, -118.890747)",15.127288576115324
1218,17913.0,"(34.18445, -118.890747)",15.422742052714682
1219,17914.0,"(34.18445, -118.890747)",15.489180701412877
1220,17915.0,"(34.18445, -118.890747)",16.07497329664483
1221,17916.0,"(34.18445, -118.890747)",16.618585455927
1222,17917.0,"(34.18445, -118.890747)",17.27698073072803
1223,17918.0,"(34.18445, -118.890747)",18.436533987135793
1224,17919.0,"(34.238654, -119.177398)",17.963361130399047
1225,17920.0,"(34.238654, -119.177398)",14.999048277909534
1226,17921.0,"(34.238654, -119.177398)",11.972204995540421
1227,17922.0,"(34.238654, -119.177398)",10.33522526476568
1228,17923.0,"(34.238654, -119.177398)",7.1873701845610976
1229,17924.0,"(34.033502, -118.240852)",4.069912424141207
1230,17925.0,"(34.033502, -118.240852)",5.560537325830719
1231,17926.0,"(34.03818, -118.443301)",1.1299999455372576
1232,17927.0,"(34.03818, -118.443301)",1.1552890885467737
1233,17932.0,"(34.158291, -118.82363)",14.594466534076325
1234,17933.0,"(34.033502, -118.240852)",2.145610488963112
1235,17934.0,"(34.033502, -118.240852)",2.3841110213844154
1236,17935.0,"(34.033502, -118.240852)",3.5715497010388804
1237,17936.0,"(34.033502, -118.240852)",3.1118851788642377
1238,17938.0,"(34.03818, -118.443301)",1.3861387244277918
1239,17942.0,"(34.047424, -118.264589)",1.129178107205822
1240,17943.0,"(34.033502, -118.240852)",1.1296297113216403
1241,17944.0,"(34.033502, -118.240852)",0.9924820577887943
1242,17945.0,"(34.087069, -118.151192)",7.111481471720774
1243,17950.0,"(34.033502, -118.240852)",6.527683041635897
1244,17951.0,"(34.033502, -118.240852)",5.01910173421465
1245,17952.0,"(34.033502, -118.240852)",5.966056286530141
1246,17960.0,"(34.158291, -118.82363)",15.29947236528511
1247,17961.0,"(34.158291, -118.82363)",15.131313326748632
1248,17962.0,"(34.158291, -118.82363)",15.099768933007873
1249,17963.0,"(34.158291, -118.82363)",14.668085742387362
1250,17964.0,"(34.158291, -118.82363)",14.954834326757696
1251,17965.0,"(34.158291, -118.82363)",14.809522245350081
1252,17966.0,"(34.158291, -118.82363)",14.914591482319324
1253,17967.0,"(34.154607, -118.645367)",14.3570244527183
1254,17968.0,"(34.154607, -118.645367)",13.830404209006657
1255,17969.0,"(34.154607, -118.645367)",13.435458350703279
1256,17970.0,"(34.154607, -118.645367)",12.470172093661356
1257,17971.0,"(34.047878, -118.524987)",9.686007941791148
1258,17972.0,"(34.047878, -118.524987)",8.796913257294179
1259,17973.0,"(34.047878, -118.524987)",8.090326291982882
1260,17974.0,"(34.047878, -118.524987)",6.7903808487935295
1261,17975.0,"(34.047878, -118.524987)",5.5760430263946965
1262,17985.0,"(34.158291, -118.82363)",15.383099929270264
1263,17986.0,"(34.158291, -118.82363)",15.345682548763545
1264,17995.0,"(34.033502, -118.240852)",7.467438319020659
1265,17996.0,"(34.033502, -118.240852)",7.459418959579018
1266,18009.0,"(34.013087, -118.493843)",1.109987532985694
1267,18010.0,"(34.025098, -118.469543)",0.9605657605525809
1268,18011.0,"(34.013087, -118.493843)",0.7857965050404149
1269,18012.0,"(34.024585, -118.485771)",0.33684069111201037
1270,18013.0,"(34.024585, -118.485771)",1.2731775040074833
1271,18014.0,"(34.03818, -118.443301)",1.6187476810435621
1272,18015.0,"(34.047878, -118.524987)",1.7985976430020394
1273,18016.0,"(34.047878, -118.524987)",1.4468267115388118
1274,18017.0,"(34.013087, -118.493843)",1.674289936688675
1275,18018.0,"(34.013087, -118.493843)",0.4894036213762197
1276,18019.0,"(34.013087, -118.493843)",1.030669734854818
1277,18052.0,"(34.087069, -118.151192)",11.558856089044241
1278,18053.0,"(34.087069, -118.151192)",7.02508885304916
1279,18054.0,"(34.087069, -118.151192)",8.112080685495169
1280,18055.0,"(34.087069, -118.151192)",10.547782873165248
1281,18073.0,"(33.997487, -118.421155)",1.541233541864662
1282,18074.0,"(33.986779, -118.390213)",1.2723097862640804
1283,18076.0,"(34.013087, -118.493843)",1.5192903037498904
1284,18077.0,"(33.997487, -118.421155)",2.8968222424096965
1285,18078.0,"(33.997487, -118.421155)",2.408050460714313
1286,18134.0,"(33.997487, -118.421155)",2.1404523230389154
1287,18148.0,"(34.047424, -118.264589)",3.1088431330411463
1288,18149.0,"(34.033502, -118.240852)",5.724291463611189
1289,18163.0,"(34.087069, -118.151192)",11.869869317204328
1290,18166.0,"(34.087069, -118.151192)",7.741564603526586
1291,18167.0,"(34.087069, -118.151192)",10.029560961240765
1292,18192.0,"(34.033502, -118.240852)",7.439312182405764
1293,18193.0,"(34.033502, -118.240852)",7.887647530570499
